session_id,experiment_id,label,key_share_length,cert_size,client_extension_count,server_extension_count,flow_duration_ms,total_packets,client_packets,server_packets,total_bytes,client_bytes,server_bytes,packet_size_mean,packet_size_std,packet_size_min,packet_size_max,retransmission_count,tcp_reset_count,handshake_packet_count,client_hello_to_server_hello_ms,server_hello_to_completion_ms,handshake_duration_ms,mean_inter_arrival_ms,inter_arrival_variance,retry_count,failure_rate,cpu_percent_mean,cpu_percent_peak,mem_percent_mean,mem_percent_peak,active_connection_count,tls_error_count,crypto_op_latency_ms,tls_version,selected_group,cipher_suite,pqc_selected_flag,classical_fallback_flag
demo-sess-0000,demo-exp-00,5,32.0,,,,,,,,5654.0,,,,,,,,,,,,88.56971906497334,,,,0.0,37.47708818469718,,,,,,,TLSv1.3,UNKNOWN,TLS_AES_256_GCM_SHA384,UNKNOWN,UNKNOWN
demo-sess-0001,demo-exp-01,0,1216.0,,,,,,,,4872.0,,,,,,,,,,,,161.49948066894146,,,,1.0,17.12423421223832,,,,,,,TLSv1.3,X25519MLKEM768,TLS_AES_256_GCM_SHA384,true,false
demo-sess-0002,demo-exp-02,4,,,,,,,,,3378.0,,,,,,,,,,,,138.3320314829807,,,,0.0,,,,,,,,TLSv1.3,X25519MLKEM768,TLS_AES_256_GCM_SHA384,true,false
demo-sess-0003,demo-exp-03,3,,,,,,,,,5985.0,,,,,,,,,,,,94.06584282216366,,,,1.0,9.334010894315199,,,,,,,TLSv1.2,x25519,TLS_AES_128_GCM_SHA256,false,true
demo-sess-0004,demo-exp-04,2,1216.0,,,,,,,,2326.0,,,,,,,,,,,,217.28011414017857,,,,1.0,52.65660167153983,,,,,,,TLSv1.2,UNKNOWN,TLS_AES_256_GCM_SHA384,UNKNOWN,UNKNOWN
demo-sess-0005,demo-exp-00,3,32.0,,,,,,,,5836.0,,,,,,,,,,,,65.54314720370374,,,,0.0,8.927138026820158,,,,,,,TLSv1.2,UNKNOWN,UNKNOWN,UNKNOWN,UNKNOWN
demo-sess-0006,demo-exp-01,5,32.0,,,,,,,,2899.0,,,,,,,,,,,,126.24752369214139,,,,0.0,51.356855610439524,,,,,,,TLSv1.3,X25519MLKEM768,UNKNOWN,true,false
demo-sess-0007,demo-exp-02,0,32.0,,,,,,,,3288.0,,,,,,,,,,,,94.96744527319676,,,,0.0,,,,,,,,TLSv1.3,x25519,UNKNOWN,false,true
demo-sess-0008,demo-exp-03,3,32.0,,,,,,,,4394.0,,,,,,,,,,,,59.096489467141765,,,,0.0,37.09431087201109,,,,,,,TLSv1.2,X25519MLKEM768,UNKNOWN,true,false
demo-sess-0009,demo-exp-04,2,32.0,,,,,,,,2655.0,,,,,,,,,,,,45.45463540866229,,,,1.0,28.218798173982623,,,,,,,TLSv1.3,UNKNOWN,TLS_AES_256_GCM_SHA384,UNKNOWN,UNKNOWN
demo-sess-0010,demo-exp-00,0,32.0,,,,,,,,2469.0,,,,,,,,,,,,168.15201662775837,,,,0.0,34.53336817248373,,,,,,,TLSv1.2,UNKNOWN,TLS_AES_256_GCM_SHA384,UNKNOWN,UNKNOWN
demo-sess-0011,demo-exp-01,2,32.0,,,,,,,,3078.0,,,,,,,,,,,,141.7342701873494,,,,0.0,46.90792094786355,,,,,,,TLSv1.2,X25519MLKEM768,UNKNOWN,true,false
demo-sess-0012,demo-exp-02,4,32.0,,,,,,,,5123.0,,,,,,,,,,,,255.6674174882908,,,,0.0,,,,,,,,TLSv1.3,UNKNOWN,TLS_AES_256_GCM_SHA384,UNKNOWN,UNKNOWN
demo-sess-0013,demo-exp-03,4,32.0,,,,,,,,5406.0,,,,,,,,,,,,156.8095982481054,,,,0.0,18.169877068593234,,,,,,,TLSv1.3,UNKNOWN,TLS_AES_128_GCM_SHA256,UNKNOWN,UNKNOWN
demo-sess-0014,demo-exp-04,1,,,,,,,,,2525.0,,,,,,,,,,,,156.07732972865185,,,,1.0,57.076677383774495,,,,,,,TLSv1.3,X25519MLKEM768,UNKNOWN,true,false
demo-sess-0015,demo-exp-00,1,,,,,,,,,4751.0,,,,,,,,,,,,231.47425505802553,,,,0.0,29.095504615297724,,,,,,,TLSv1.2,X25519MLKEM768,UNKNOWN,true,false
demo-sess-0016,demo-exp-01,4,1216.0,,,,,,,,2902.0,,,,,,,,,,,,37.92725097137658,,,,1.0,,,,,,,,TLSv1.3,X25519MLKEM768,UNKNOWN,true,false
demo-sess-0017,demo-exp-02,5,1216.0,,,,,,,,3140.0,,,,,,,,,,,,273.5176036417158,,,,0.0,16.78302440537412,,,,,,,TLSv1.3,X25519MLKEM768,TLS_AES_256_GCM_SHA384,true,false
demo-sess-0018,demo-exp-03,1,32.0,,,,,,,,3451.0,,,,,,,,,,,,246.09915937466016,,,,0.0,30.686356742017125,,,,,,,TLSv1.2,X25519MLKEM768,TLS_AES_256_GCM_SHA384,true,false
demo-sess-0019,demo-exp-04,5,32.0,,,,,,,,2779.0,,,,,,,,,,,,223.89980476353114,,,,0.0,12.710026340212597,,,,,,,TLSv1.3,X25519MLKEM768,TLS_AES_256_GCM_SHA384,true,false
demo-sess-0020,demo-exp-00,1,1216.0,,,,,,,,,,,,,,,,,,,,144.07660861496794,,,,0.0,34.73233659551678,,,,,,,TLSv1.2,X25519MLKEM768,UNKNOWN,true,false
demo-sess-0021,demo-exp-01,0,1216.0,,,,,,,,2674.0,,,,,,,,,,,,133.79593622669216,,,,0.0,59.191986407884926,,,,,,,TLSv1.3,X25519MLKEM768,TLS_AES_128_GCM_SHA256,true,false
demo-sess-0022,demo-exp-02,2,32.0,,,,,,,,3993.0,,,,,,,,,,,,215.04562100804552,,,,0.0,,,,,,,,TLSv1.2,x25519,UNKNOWN,false,true
demo-sess-0023,demo-exp-03,2,,,,,,,,,,,,,,,,,,,,,171.8146563847968,,,,0.0,55.56629219576414,,,,,,,TLSv1.3,UNKNOWN,TLS_AES_256_GCM_SHA384,UNKNOWN,UNKNOWN
demo-sess-0024,demo-exp-04,4,1216.0,,,,,,,,2963.0,,,,,,,,,,,,258.375912696354,,,,1.0,56.787786997599916,,,,,,,TLSv1.3,UNKNOWN,TLS_AES_256_GCM_SHA384,UNKNOWN,UNKNOWN
demo-sess-0025,demo-exp-00,4,1216.0,,,,,,,,3068.0,,,,,,,,,,,,137.38297629404428,,,,0.0,,,,,,,,TLSv1.3,UNKNOWN,UNKNOWN,UNKNOWN,UNKNOWN
demo-sess-0026,demo-exp-01,5,32.0,,,,,,,,5079.0,,,,,,,,,,,,56.64591899568781,,,,0.0,5.5123501286335514,,,,,,,TLSv1.3,x25519,TLS_AES_128_GCM_SHA256,false,true
demo-sess-0027,demo-exp-02,4,,,,,,,,,5601.0,,,,,,,,,,,,79.6832074347713,,,,0.0,,,,,,,,TLSv1.3,X25519MLKEM768,TLS_AES_128_GCM_SHA256,true,false
demo-sess-0028,demo-exp-03,2,,,,,,,,,4735.0,,,,,,,,,,,,104.70480003408916,,,,0.0,21.465831370998785,,,,,,,TLSv1.2,UNKNOWN,UNKNOWN,UNKNOWN,UNKNOWN
demo-sess-0029,demo-exp-04,5,1216.0,,,,,,,,4477.0,,,,,,,,,,,,269.11955796159856,,,,0.0,,,,,,,,TLSv1.3,x25519,TLS_AES_256_GCM_SHA384,false,true
