session_id,experiment_id,label,tls_version,selected_group,cipher_suite,key_share_length,cert_size,client_extension_count,server_extension_count,flow_duration_ms,total_packets,client_packets,server_packets,total_bytes,client_bytes,server_bytes,packet_size_mean,packet_size_std,packet_size_min,packet_size_max,retransmission_count,tcp_reset_count,handshake_packet_count,client_hello_to_server_hello_ms,server_hello_to_completion_ms,handshake_duration_ms,mean_inter_arrival_ms,inter_arrival_variance,retry_count,failure_rate
sess-00000,exp-000,5,TLSv1.3,X25519MLKEM768,TLS_AES_256_GCM_SHA384,1216,825,13,6,135.71214883121667,10,9,4,4771,2516,2827,363.60996012450494,205.11015551017417,61.271307179271346,865.5866679031147,0,0,7,22.687435083617682,11.326798484193182,63.802400616730246,13.34780431781094,33.57062735503635,0,0.0
sess-00001,exp-000,0,TLSv1.3,secp256r1,TLS_AES_256_GCM_SHA384,65,1514,11,6,147.25496958507466,11,10,6,2418,1189,1778,229.0149130500392,70.84966198084759,84.14904125467564,1364.989791292066,0,0,9,23.767983200914525,58.65578819896853,94.3508441254201,11.488771994191312,4.164082854839675,0,0.0
sess-00002,exp-000,4,TLSv1.3,X25519MLKEM768,TLS_AES_256_GCM_SHA384,4096,1521,8,4,281.4421614986985,20,6,4,5503,1476,2774,230.30042882291875,,85.42737777057602,1055.3825252790589,0,1,8,17.43447450796325,43.50875871888467,149.30945328795372,13.987405645196677,0.44987229693488684,0,0.0
sess-00003,exp-000,4,TLSv1.3,X25519MLKEM768,TLS_CHACHA20_POLY1305_SHA256,0,1050,9,7,182.80940461517673,18,9,8,2899,2402,1664,452.8555760569429,66.5599946927747,69.16192287856417,822.4701707328264,0,3,8,19.040767545781513,13.309430260577361,185.23314111154266,11.776420978091544,3.6177799265229824,0,0.0
sess-00004,exp-000,3,TLSv1.3,X25519MLKEM768,TLS_AES_128_GCM_SHA256,1216,1458,11,5,142.70805827431838,54,9,8,4207,1538,2529,375.3757970670622,73.86937301614861,75.9760202056159,953.5245314100983,0,0,7,22.833420278676257,14.545470608689694,3480.19841090741,3.0833334766625238,3.1744856043451417,4,0.5532959800798105
sess-00005,exp-000,3,TLSv1.3,X25519MLKEM768,TLS_CHACHA20_POLY1305_SHA256,1216,1279,12,6,389.87743216476633,70,9,9,2469,2396,2812,361.0910991226385,36.009511397152565,85.63847194319231,878.0865215171135,0,0,9,10.535521402063441,10.162265805086465,3404.9054976301613,14.67393270883256,4.86225168446356,4,0.6046090047625952
sess-00006,exp-000,2,TLSv1.2,x25519,TLS_CHACHA20_POLY1305_SHA256,32,1319,12,5,103.49374399237217,20,5,8,5905,2594,2889,359.10610165855326,20.03431376767661,72.96624228018692,813.6337196700827,0,0,8,35.75526572381145,51.58327646805897,82.27740131845243,2.1005781633895637,4.402247036099799,0,0.0
sess-00007,exp-000,0,TLSv1.3,secp256r1,TLS_CHACHA20_POLY1305_SHA256,65,1297,14,4,392.29457278706695,16,10,5,2525,2351,1973,484.0546039114973,29.90761753844766,81.10695149673016,1224.6157422378403,0,0,7,37.51197225507619,47.76325983179027,147.27749745693563,14.546030483563316,2.055062269987403,0,0.0
sess-00008,exp-000,3,TLSv1.3,X25519MLKEM768,TLS_CHACHA20_POLY1305_SHA256,1216,1262,8,5,128.6440679610451,45,4,8,4268,1471,2205,266.0652153354678,24.259585160541953,85.24411829080395,960.259248667808,0,0,6,35.08723900888113,13.542867494432672,1830.7796218125625,13.710577787629331,1.1497603561151493,10,0.8613085443484028
sess-00009,exp-000,3,TLSv1.3,X25519MLKEM768,TLS_AES_128_GCM_SHA256,1216,994,8,4,280.64396233013207,58,7,7,3912,2769,2493,216.25135616965116,59.207329295947495,85.84719005179937,842.4288718539095,0,0,8,33.02073788015946,15.463451612240199,1958.7200894680832,11.189429324296544,0.786893255764395,4,0.5775768410405804
sess-00010,exp-000,4,TLSv1.3,X25519MLKEM768,TLS_AES_256_GCM_SHA384,4096,851,13,8,342.60965477798317,9,10,10,2968,1340,1832,345.69233763521555,32.8248379519509,76.0416117019781,841.0447799805253,0,3,9,5.075438242299925,29.52108787939066,187.50807250508666,15.91745777908831,1.4977212218399096,0,0.0
sess-00011,exp-000,4,TLSv1.3,X25519MLKEM768,TLS_CHACHA20_POLY1305_SHA256,4096,1535,11,5,116.464253543673,11,4,8,5013,2110,1124,424.3926681137192,,83.36710377835885,1151.9952680436595,0,1,10,10.510145477881913,58.038945163722516,43.61894909089977,4.530674258633741,3.015672021605136,0,0.0
sess-00012,exp-000,3,TLSv1.3,X25519MLKEM768,TLS_AES_256_GCM_SHA384,1216,1383,9,8,258.0817037367044,34,4,7,4692,2195,2157,356.83481465958766,76.08237546418563,68.17036797694146,1301.3342605525904,0,0,7,14.296507938597383,16.543914106372824,3839.3357186120584,9.687266878838589,4.652189825357019,4,0.3055892741305478
sess-00013,exp-000,4,TLSv1.3,X25519MLKEM768,TLS_AES_256_GCM_SHA384,0,1318,10,5,376.6407822977982,9,5,6,3167,1323,1897,450.1234863919421,62.212395505242256,84.467110629038,1491.0631445420531,0,2,10,5.273808750325529,50.85520675577308,80.89438787399624,13.60438558435547,4.700757019242809,0,0.0
sess-00014,exp-000,0,TLSv1.3,secp256r1,TLS_AES_256_GCM_SHA384,65,1560,12,5,145.3218743101857,17,5,9,3404,1416,2407,390.2713876655239,35.839034097824566,79.54127408597506,1433.7355437555261,0,0,6,8.23044636994567,31.178788628186318,77.03563807528278,1.0673680926678637,3.878484192796173,0,0.0
sess-00015,exp-001,1,TLSv1.3,X25519MLKEM768,TLS_CHACHA20_POLY1305_SHA256,1216,1252,12,7,246.31740267116123,9,4,9,5702,1305,2117,210.80844141824917,42.152959070731505,82.10100386979991,1100.8506990165401,0,0,6,15.78904224755468,54.9490744371295,165.34079183096708,17.35334905801715,4.504730718979725,0,0.0
sess-00016,exp-001,1,TLSv1.3,X25519MLKEM768,TLS_CHACHA20_POLY1305_SHA256,1216,1055,13,4,173.78752211511642,16,10,7,5988,2271,2534,246.3660014996614,75.79286094162046,94.58422784879856,1483.344223051674,0,0,7,35.84956716321635,11.239318094909436,155.21596019836397,7.311523890982144,4.660997841636795,0,0.0
sess-00017,exp-001,5,TLSv1.3,X25519MLKEM768,TLS_CHACHA20_POLY1305_SHA256,1216,1054,10,5,325.5810781974149,9,7,10,2158,2758,1963,266.7301152636993,343.33165936009027,78.41212938715768,1013.6336071370204,0,0,7,12.802324152203315,43.001659137431446,97.73921635601319,6.293458159437074,24.04584516331009,0,0.0
sess-00018,exp-001,4,TLSv1.3,X25519MLKEM768,TLS_AES_128_GCM_SHA256,0,1495,14,8,165.90245387504245,8,4,6,2731,2189,2971,495.0651718649261,22.295431841195764,83.86285019950978,1041.9809781758602,0,3,8,20.27378593547128,59.2117924658295,49.659783284986176,18.09058992531279,1.0313859950612507,0,0.0
sess-00019,exp-001,3,TLSv1.3,X25519MLKEM768,TLS_AES_256_GCM_SHA384,1216,1332,14,8,290.4000014200843,72,9,9,2807,1745,1883,220.99214333789305,59.85426109467634,73.20800144170386,1019.7409515408517,0,0,6,30.191399205488256,25.016113410563207,2239.1380063148677,8.75946526376512,2.0717618965828506,9,0.3763726794354919
sess-00020,exp-001,3,TLSv1.3,X25519MLKEM768,TLS_CHACHA20_POLY1305_SHA256,1216,1566,9,8,249.18683920303326,35,8,10,2001,1622,1587,263.0548054647926,67.14552964865481,84.26646281919051,1025.5744608155767,0,0,9,20.47559297566826,20.685070049455014,1924.2284904951368,18.12243569073683,4.000521324621223,8,0.35087732203507305
sess-00021,exp-001,1,TLSv1.3,X25519MLKEM768,TLS_CHACHA20_POLY1305_SHA256,1216,1117,9,5,101.57388678602044,8,5,7,4503,2740,2573,221.84846875537073,44.866460659863165,85.19061522950855,936.1046657177965,0,0,9,22.30320091536529,22.19922197892194,141.5298618890033,1.1053515446226034,3.7797259354305175,0,0.0
sess-00022,exp-001,0,TLSv1.3,x25519,TLS_AES_128_GCM_SHA256,32,1024,9,8,212.59245960098826,16,5,10,2497,1934,1273,440.42498051667934,60.054663955181184,99.51569812265792,1216.816622928594,0,0,9,26.4428312966617,45.963698063798354,115.81228802014833,16.780814224706887,2.7845725579930596,0,0.0
sess-00023,exp-001,5,TLSv1.3,,TLS_AES_128_GCM_SHA256,1216,1260,10,5,343.9520107446723,12,10,10,4135,1992,2283,271.7737591443898,326.6047854236381,88.54179450444227,964.1455046102448,0,0,8,16.18983489465668,37.00761112592282,53.52359045774647,5.393968114835549,12.569154028555122,0,0.0
sess-00024,exp-001,3,TLSv1.3,X25519MLKEM768,TLS_AES_128_GCM_SHA256,1216,1355,11,7,71.79299870425487,61,7,10,4392,2937,2424,205.85958702131813,,83.02761387240321,1133.8858127901499,0,0,8,15.45144283303342,29.499332403185942,3336.5851518908944,16.878844745169612,2.7372807812901345,6,0.7799209025647607
sess-00025,exp-001,1,TLSv1.3,X25519MLKEM768,TLS_AES_128_GCM_SHA256,1216,1246,11,4,186.10002113614482,18,9,10,3656,2483,1338,452.1516989187676,75.17249724013855,99.22887910075693,1173.886540672753,0,0,9,25.71624714697688,43.14998784180806,44.27106856754004,9.143642623560803,4.3475716424161375,0,0.0
sess-00026,exp-001,1,TLSv1.3,X25519MLKEM768,TLS_AES_256_GCM_SHA384,1216,1066,11,6,124.08109947401853,13,6,10,5603,1776,1569,425.6029470664355,69.91545710931635,70.09086127129522,857.3343629331498,0,0,6,31.215849137899774,12.604280412162774,191.82634770492658,5.260221148675216,0.4362300152185702,0,0.0
sess-00027,exp-001,5,TLSv1.3,X25519MLKEM768,TLS_AES_256_GCM_SHA384,1216,1572,8,5,119.77623882688651,8,8,5,2977,1258,1969,400.8376533859732,391.1801932585219,68.71858163626014,1289.6254798723055,0,0,8,10.872620017873079,40.36237469454659,157.1473608323986,3.176124556199056,14.323949986304264,0,0.0
sess-00028,exp-001,0,TLSv1.3,secp256r1,TLS_AES_128_GCM_SHA256,65,1389,13,7,188.82905453081958,19,5,4,4425,2414,2701,388.1727186803133,26.11407832675859,90.89923539804896,1395.2052673621574,0,0,10,33.193478727615826,49.8113608300106,126.2085344124437,1.7803134739165862,2.7104517020214516,0,0.0
sess-00029,exp-001,0,TLSv1.3,secp256r1,TLS_CHACHA20_POLY1305_SHA256,65,1463,10,4,347.35146944985206,15,4,7,5935,1741,2301,467.47250444153093,,66.1196459637544,923.2958727602415,0,0,10,38.79158059333272,23.50411981937004,167.3938671971485,11.22528522251686,2.4691377690276615,0,0.0
sess-00030,exp-002,5,TLSv1.3,X25519MLKEM768,TLS_CHACHA20_POLY1305_SHA256,1216,1074,10,5,340.7558566117112,9,6,7,2998,2536,1951,370.95489340349667,325.29593758305043,73.455864795655,1146.0145525311455,0,0,8,11.364395000519213,20.60599250898695,165.6315006607764,7.466438020121389,21.050743030247396,0,0.0
sess-00031,exp-002,0,TLSv1.3,secp256r1,TLS_CHACHA20_POLY1305_SHA256,65,995,8,5,302.026132436468,15,8,10,2984,2414,1975,393.77086992228567,49.44928010471517,91.7173147252927,865.1373453882702,0,0,7,19.154039503727482,22.165258193837857,142.87320367145873,8.011388562559702,2.8120174795502235,0,0.0
sess-00032,exp-002,3,TLSv1.3,X25519MLKEM768,TLS_CHACHA20_POLY1305_SHA256,1216,1363,10,6,295.9992297650191,48,6,6,2944,1247,2477,257.7752880354552,27.17328447530317,81.43455861535,1333.5327266388722,0,0,7,11.703934055369066,46.930232675447535,2991.976851280754,12.202151213255027,3.825018687328105,6,0.888306378277508
sess-00033,exp-002,1,TLSv1.3,X25519MLKEM768,TLS_AES_128_GCM_SHA256,1216,983,10,4,297.80646999886096,10,6,4,5990,1111,2133,287.64099336583325,76.64537688774443,85.5147862042371,1326.9545230538777,0,0,6,35.54519072494871,38.703210981316616,109.79748063818674,9.368907164584195,1.0033819849114005,0,0.0
sess-00034,exp-002,0,TLSv1.3,secp256r1,TLS_AES_128_GCM_SHA256,65,1289,8,4,190.24760478817893,9,8,9,4811,1109,1310,244.75927534209654,53.770375825073856,72.15342047368911,1495.7426858971542,0,0,6,24.532556211616996,30.80870107051642,131.3415637197043,12.74994869744819,3.900898344521265,0,0.0
sess-00035,exp-002,3,TLSv1.3,X25519MLKEM768,TLS_AES_128_GCM_SHA256,1216,1104,14,8,396.51094116337924,48,8,8,2246,2248,2966,422.02679164536346,,68.31151623294205,947.717636713775,0,0,6,10.4969982683307,18.690677416321723,2984.527987798908,1.050838729454829,2.307468152626742,6,0.47475557341861657
sess-00036,exp-002,5,TLSv1.3,X25519MLKEM768,TLS_AES_128_GCM_SHA256,1216,1519,14,7,74.91291605371774,11,6,10,5240,2280,2207,398.35491285601034,337.2394305174058,77.00555864416847,1181.193665097405,0,0,7,36.79440058244121,51.33155798250298,42.13967226548841,4.152532995193769,32.768281972763695,0,0.0
sess-00037,exp-002,2,TLSv1.2,prime256v1,TLS_AES_128_GCM_SHA256,65,927,11,6,294.90678974150103,12,8,8,4022,1896,1164,379.4109986123311,73.36537335754721,89.38135693142462,1222.5995486621373,0,0,6,8.196441032084483,58.095555109641836,172.1129643640508,11.928783075178679,4.758852761251127,0,0.0
sess-00038,exp-002,4,TLSv1.3,X25519MLKEM768,TLS_AES_256_GCM_SHA384,4096,1581,14,5,214.67528813807175,18,7,6,2743,2198,1892,390.43541583622607,49.5035481314608,63.649696251753085,1043.5727394062553,0,2,8,16.237038958480007,15.229994229127872,57.34022495200203,8.82125670596808,2.5277982027252555,0,0.0
sess-00039,exp-002,4,TLSv1.3,X25519MLKEM768,TLS_AES_256_GCM_SHA384,12,1265,8,6,138.33959782977269,9,10,7,5542,2053,2689,496.4357644345262,59.459623188987734,81.7037437742878,1089.2732995595252,0,3,7,23.145378736125508,41.131693630085564,114.74382740497205,9.398778158722967,0.35289769841309904,0,0.0
sess-00040,exp-002,1,TLSv1.3,X25519MLKEM768,TLS_AES_128_GCM_SHA256,1216,1248,13,7,92.49912917691694,18,8,10,2980,2453,1324,293.2250415180005,20.820467867963643,76.3196274915961,957.2904616190492,0,0,6,21.15067629625742,15.873307454477878,171.4643395407132,10.46913458943671,3.6113562973597766,0,0.0
sess-00041,exp-002,4,TLSv1.3,X25519MLKEM768,TLS_CHACHA20_POLY1305_SHA256,0,1079,11,7,393.0856214111814,11,7,8,2592,1785,1390,476.56044497946857,50.49445349557364,95.17305020585904,1404.8188541000118,0,2,8,32.043629643695176,52.720618998610384,87.77879132943023,15.966630709521588,1.4091460490278336,0,0.0
sess-00042,exp-002,5,TLSv1.3,X25519MLKEM768,TLS_AES_128_GCM_SHA256,1216,1401,12,7,352.8412081450849,15,8,7,3413,1680,2130,428.8618032859938,326.3069702562507,97.31409022861044,1408.7211782638478,0,0,7,25.01291746947154,21.678122302894657,161.84256076687402,1.8292986828487363,42.45635610259507,0,0.0
sess-00043,exp-002,3,TLSv1.3,X25519MLKEM768,TLS_CHACHA20_POLY1305_SHA256,1216,1467,9,7,387.6885534298186,51,8,8,3359,2781,1205,462.2571122162925,,81.03804347230246,1119.8496521319696,0,0,7,19.349251691122753,42.73906632138669,2346.4030851285793,9.920321418709907,4.849097789813665,4,0.7156227591521294
sess-00044,exp-002,5,TLSv1.3,X25519MLKEM768,TLS_CHACHA20_POLY1305_SHA256,1216,1189,10,7,355.3340560894877,8,8,4,2961,2292,2401,476.278729634089,157.236812349392,89.87065466951708,1103.780030346188,0,0,6,31.612939254799286,45.194541466451895,47.08623085487896,4.160930947855278,22.97498667125209,0,0.0
sess-00045,exp-003,0,TLSv1.3,x25519,TLS_AES_128_GCM_SHA256,32,1167,10,7,100.94942849478946,16,7,8,4792,2623,1368,250.99509472042922,24.738101039599677,94.8335839457942,1233.7972579761908,0,0,7,22.41835383287829,39.15785653260265,69.47203553017589,13.120187989067801,2.351895445965982,0,0.0
sess-00046,exp-003,3,TLSv1.3,X25519MLKEM768,TLS_AES_128_GCM_SHA256,1216,1493,12,5,75.85166509900554,47,8,6,4617,2970,1868,407.0940537380387,47.41014876006719,72.08486682153254,1499.5614958501255,0,0,9,8.732864359782631,29.068214882881453,1554.8489946489126,6.621575414099907,3.5264674897985957,9,0.7980225368957065
sess-00047,exp-003,0,TLSv1.3,x25519,TLS_CHACHA20_POLY1305_SHA256,32,1502,14,4,368.7159338015487,19,7,10,5703,2849,1586,432.72229388101425,33.80710345822498,92.0772783018115,953.3031772496738,0,0,7,26.731190709560643,43.888222931167974,152.55782403402054,13.52444926601832,4.207851873116331,0,0.0
sess-00048,exp-003,5,TLSv1.3,X25519MLKEM768,TLS_CHACHA20_POLY1305_SHA256,1216,840,10,7,61.67758593597135,13,9,5,2369,2862,1604,298.0157377142031,270.4619574684353,68.03179178600305,1350.5589677213536,0,0,8,23.579833079597478,55.674348724084844,171.18034532645754,5.882431606701984,42.25953975175066,0,0.0
sess-00049,exp-003,5,TLSv1.3,X25519MLKEM768,TLS_AES_128_GCM_SHA256,1216,917,11,4,99.26495525205894,11,10,9,4966,2381,1813,490.1809241900097,245.25637481811884,74.63100197622265,1353.4773780122564,0,0,6,14.256050242334833,16.179436838174617,92.65956196472663,15.231220467198455,35.541970712033475,0,0.0
sess-00050,exp-003,2,TLSv1.2,x25519,TLS_AES_256_GCM_SHA384,32,1491,9,7,58.75862737626881,16,6,8,2906,2326,1129,390.6211767133817,47.85605217936082,88.04308661883776,1254.4676123992137,0,0,6,9.892195437752738,57.313076644097315,81.74197934052088,10.359867760585912,0.5762407932469259,0,0.0
sess-00051,exp-003,3,TLSv1.3,X25519MLKEM768,TLS_AES_128_GCM_SHA256,1216,1179,13,8,196.694363695153,33,9,5,5626,1849,2341,229.70649041315855,49.360822267376875,76.32463542790802,1466.0650677667418,0,0,6,29.159823231164726,20.86348423487808,3952.3192958101677,5.486140126388919,1.8771615899118603,8,0.5204009750983083
sess-00052,exp-003,3,TLSv1.3,X25519MLKEM768,TLS_AES_128_GCM_SHA256,1216,994,8,7,82.08569833613231,47,9,9,4445,2988,1043,215.1735531988619,40.01054938595096,99.55283615765687,1350.8846699834212,0,0,7,7.401355348852457,48.25786879442922,2321.398883580576,5.103075686454821,4.361507591170769,3,0.3885325079648662
sess-00053,exp-003,1,TLSv1.3,X25519MLKEM768,TLS_AES_256_GCM_SHA384,1216,1353,10,5,88.47422176130245,8,5,4,3467,2617,2614,271.37948182713893,39.42628771772135,66.96984805624709,836.6793125028236,0,0,9,23.41299343092535,47.283263751699785,110.96181412195254,15.782323746969851,2.6148659922850395,0,0.0
sess-00054,exp-003,0,TLSv1.3,x25519,TLS_AES_128_GCM_SHA256,32,1315,9,8,65.1777629147101,20,10,9,4135,1617,1938,393.0022052616466,21.869038370620636,99.94347020357307,1393.10898021707,0,0,9,29.013412362178144,34.51344270721127,184.649140949589,2.3963235995625594,0.49587333931288047,0,0.0
sess-00055,exp-003,0,TLSv1.3,secp256r1,TLS_AES_256_GCM_SHA384,65,1081,12,8,241.9247519169262,13,7,8,4173,1603,1929,351.6653223457041,45.811959549417395,91.72384372406584,880.0898507010558,0,0,10,30.22939708301597,20.751153316374847,106.76433571409785,5.341377912927103,1.7607649322923586,0,0.0
sess-00056,exp-003,3,TLSv1.3,X25519MLKEM768,TLS_AES_128_GCM_SHA256,1216,1547,8,6,199.36740219133532,52,6,6,5905,1312,2406,476.8955107203153,24.027998488198865,93.27087553899418,865.2610711925741,0,0,6,31.060613921715763,28.63234296879518,2904.20845392432,2.1396385814460848,4.7874606568498415,9,0.7020079588393775
sess-00057,exp-003,5,TLSv1.3,X25519MLKEM768,TLS_AES_128_GCM_SHA256,1216,1538,8,6,260.143531928637,13,4,8,4078,1435,1316,397.0208908964456,341.85813296293253,64.32873527709066,1391.7613930209416,0,0,8,9.020985973560787,23.928410624749958,68.44704603573406,9.153135806753843,34.86895221876301,0,0.0
sess-00058,exp-003,5,TLSv1.3,X25519MLKEM768,TLS_CHACHA20_POLY1305_SHA256,1216,1370,8,8,375.17950184822774,19,6,4,2738,1559,2439,428.72285539429936,336.52794050142666,74.04093682947928,926.9838907487981,0,0,7,24.82123831664817,30.039217199975777,54.11869120571567,13.030268240454763,18.60531520134044,0,0.0
sess-00059,exp-003,3,TLSv1.3,X25519MLKEM768,TLS_AES_128_GCM_SHA256,1216,1149,9,6,159.07307939647575,48,10,8,4442,1173,2809,215.78264792765654,29.444593826429188,84.71352727704122,1271.778097429179,0,0,8,20.50895410156141,31.200738655649758,2780.8657645027615,8.869491019771768,1.1562879301549596,4,0.5071037132885171
sess-00060,exp-004,5,TLSv1.3,X25519MLKEM768,TLS_CHACHA20_POLY1305_SHA256,1216,1407,11,8,283.4963955577224,8,5,7,4454,1112,1015,261.32693730611953,325.9178158456659,90.69398109234416,1334.9126270328734,0,0,8,16.48428245782444,10.386495328465596,156.99240098306052,4.338201235641003,30.010493862248527,0,0.0
sess-00061,exp-004,5,TLSv1.3,X25519MLKEM768,TLS_AES_128_GCM_SHA256,1216,873,11,4,202.67685842930925,15,4,10,3282,2179,1879,372.01990426575287,240.46317280853145,76.70775839373923,880.6213608646588,0,0,6,38.81698918615942,18.59365902890345,191.09443258554708,9.741841135982366,27.46847118272911,0,0.0
sess-00062,exp-004,0,TLSv1.3,x25519,TLS_AES_256_GCM_SHA384,32,1246,12,7,233.38689005022107,14,10,6,5054,1695,1453,299.9205867479396,30.087962482741197,80.41933138168594,879.8186478869868,0,0,10,11.786629719341512,48.81141146621677,89.68695494275127,19.206243630945856,3.262670583230863,0,0.0
sess-00063,exp-004,1,TLSv1.3,X25519MLKEM768,TLS_AES_256_GCM_SHA384,1216,949,10,5,110.72465785473318,10,10,10,4684,1154,1362,485.38764217387455,57.676926327102045,78.55812274052079,1194.6148383014947,0,0,10,20.711683994827204,56.20771291928297,125.96360317847588,13.070668062151276,3.160156719265285,0,0.0
sess-00064,exp-004,5,TLSv1.3,X25519MLKEM768,TLS_AES_128_GCM_SHA256,1216,954,11,4,214.12237923423066,18,6,10,3125,2211,1115,305.58266678602297,276.7669543334888,78.46969945785816,826.3250718997645,0,0,8,34.109382108209246,13.83655005867275,176.92250576729066,17.250574057665716,28.508466357090892,0,0.0
sess-00065,exp-004,4,TLSv1.3,X25519MLKEM768,TLS_CHACHA20_POLY1305_SHA256,4096,842,11,8,278.1431091270134,13,8,7,4053,1308,2961,218.56211003033022,26.2101126362235,95.96507335823094,1040.4064430867872,0,3,6,22.659215052533508,18.627945571818245,72.11643301170832,9.317407211875427,2.2531667796368593,0,0.0
sess-00066,exp-004,1,TLSv1.3,X25519MLKEM768,TLS_AES_128_GCM_SHA256,1216,1181,10,7,193.0692890365621,13,9,8,2214,2616,2292,394.1916070907921,23.95471125678305,63.78023790060377,1274.8655413880567,0,0,8,13.819852473815365,52.578312999220216,193.94970487116467,12.451315459551763,0.8368293034544135,0,0.0
sess-00067,exp-004,0,TLSv1.3,x25519,TLS_CHACHA20_POLY1305_SHA256,32,1479,9,6,158.58110814313423,18,9,9,3605,1264,2218,412.6502043113162,25.08314072024012,82.35688280364255,1250.4452843529236,0,0,8,33.46146743351804,43.505819999736126,170.92302539205897,15.036718770460173,3.458530757360124,0,0.0
sess-00068,exp-004,5,TLSv1.3,,TLS_CHACHA20_POLY1305_SHA256,1216,1233,12,6,56.38068822703645,12,5,5,3399,2940,2569,345.8812762618182,369.09819313568545,65.50261412708318,854.0155590106134,0,0,6,22.769139945362618,36.988537920683555,155.5694805102495,11.004100961366312,34.72125861974032,0,0.0
sess-00069,exp-004,4,TLSv1.3,X25519MLKEM768,TLS_AES_128_GCM_SHA256,12,957,9,5,340.97076984119394,20,8,10,5697,1339,2476,331.302021541504,44.651516689792004,87.05451688754131,966.2711410128475,0,1,9,26.37083977440355,47.6195582555743,163.24606110392327,5.446055942373064,1.2719256365030456,0,0.0
sess-00070,exp-004,2,TLSv1.2,x25519,TLS_CHACHA20_POLY1305_SHA256,32,1384,11,7,319.3034931914516,20,7,8,4160,1857,2978,248.6174519737614,31.98186388668085,84.18653790307002,1411.1013440415431,0,0,6,27.44126626715565,53.70584725261185,124.27192672215331,2.9492049032197776,4.244872155993848,0,0.0
sess-00071,exp-004,2,TLSv1.2,x25519,TLS_AES_256_GCM_SHA384,32,1581,9,6,207.261727130839,16,5,10,3791,1187,2938,473.15148611822275,69.00219535133003,95.3851909487203,1451.3303489883924,0,0,9,6.863991050987606,35.100355734661775,70.08227255678355,19.895981673527533,1.9370720997470614,0,0.0
sess-00072,exp-004,2,TLSv1.2,prime256v1,TLS_AES_256_GCM_SHA384,65,1531,13,6,326.9832231187616,10,4,6,5757,2699,1967,408.8215965727951,28.327561509091172,88.22144701156321,1114.0210317875726,0,0,6,36.705012118614476,10.95019424554852,66.66130655962024,3.84087276032031,4.707107151772457,0,0.0
sess-00073,exp-004,0,TLSv1.3,secp256r1,TLS_AES_128_GCM_SHA256,65,1043,10,4,66.71230631659795,14,9,10,4551,1936,1128,233.2573685870045,74.30881313971992,83.86956171275787,811.5047465441261,0,0,10,25.126661013572175,45.927216389617634,79.51623792179385,1.029722382734581,1.828798594167566,0,0.0
sess-00074,exp-004,1,TLSv1.3,X25519MLKEM768,TLS_CHACHA20_POLY1305_SHA256,1216,1484,8,8,391.1290718332776,9,8,8,4078,2610,2039,366.2455857254587,43.42722395360384,78.80540312633944,1244.969554028041,0,0,8,13.877759137422446,10.81211155544738,164.0484027675176,7.551247370104434,3.6914110051081446,0,0.0
sess-00075,exp-005,5,TLSv1.3,X25519MLKEM768,TLS_AES_256_GCM_SHA384,1216,1590,12,6,96.6933564507774,13,8,6,5332,2316,1358,449.1150970290808,160.95156891478078,99.23276743155398,1134.9718201325468,0,0,7,33.402418864666224,13.15502685161123,161.95236794958169,9.695911971499712,17.97879334860753,0,0.0
sess-00076,exp-005,0,TLSv1.3,secp256r1,TLS_AES_128_GCM_SHA256,65,1117,12,7,396.1929458036432,16,7,6,2149,2542,2324,257.33102922017326,41.418450562121805,91.233662679137,1406.0587939546404,0,0,8,14.56258121398557,49.967120575911984,104.28173513123919,8.600413718244777,2.254709505168525,0,0.0
sess-00077,exp-005,2,TLSv1.2,prime256v1,TLS_AES_256_GCM_SHA384,65,1308,13,7,178.57142443588867,20,8,6,5281,1169,2489,327.3498983955242,45.836429120206816,99.80392659376301,926.319540156663,0,0,8,16.24239998751079,14.003445553749764,142.35626764788321,6.823421265724297,3.052845975879939,0,0.0
sess-00078,exp-005,1,TLSv1.3,X25519MLKEM768,TLS_CHACHA20_POLY1305_SHA256,1216,1254,10,7,64.82430699754534,13,8,7,3124,2309,2620,484.3713135809259,24.502469899289558,85.50050151533193,1054.3177914556877,0,0,7,38.34762886978627,17.138973418127485,133.28739356454543,15.844927425125864,0.27051493241285596,0,0.0
sess-00079,exp-005,0,TLSv1.3,x25519,TLS_AES_256_GCM_SHA384,32,1597,13,6,176.75270389019724,17,4,8,2628,2390,1921,484.64705877966696,42.32080270824102,90.52337887194318,1201.745244833727,0,0,10,17.843248202884133,25.71927206574408,77.37726027096792,19.249880993034864,0.22697537023430173,0,0.0
sess-00080,exp-005,3,TLSv1.3,X25519MLKEM768,TLS_CHACHA20_POLY1305_SHA256,1216,,12,4,141.62183680562353,75,9,7,2878,2253,1584,408.19419231223816,79.91773061060914,68.0071336396448,895.009892411369,0,0,6,20.82149398358891,54.933951539311515,3613.803047436749,2.6680240809898903,3.4414533752281224,8,0.4917526632599821
sess-00081,exp-005,0,TLSv1.3,x25519,TLS_CHACHA20_POLY1305_SHA256,32,1355,10,6,347.9767177635941,19,9,9,4612,1356,2625,308.4476549374068,33.45449691475739,99.40530186920773,1354.4459715277985,0,0,7,32.66305712827122,11.314201340413284,124.18364433413116,8.009312144523193,4.037942458814074,0,0.0
sess-00082,exp-005,4,TLSv1.3,X25519MLKEM768,TLS_AES_256_GCM_SHA384,4096,867,10,7,399.8582653770354,19,7,8,3682,2575,1838,447.0018198525172,24.425042774674342,98.89518926055064,1249.637012570467,0,1,9,21.30416198673706,35.868000590993006,51.81688382665236,16.75202083457258,2.8013868736847507,0,0.0
sess-00083,exp-005,1,TLSv1.3,X25519MLKEM768,TLS_AES_128_GCM_SHA256,1216,1314,14,4,340.9867822636395,16,5,6,2674,1331,1660,480.4213509917232,33.528217082928,97.8993254723859,1163.228455382944,0,0,8,34.6076797154553,22.530265449099954,137.9597055359168,11.465986894179654,0.7133344461218233,0,0.0
sess-00084,exp-005,2,TLSv1.2,,TLS_CHACHA20_POLY1305_SHA256,65,1346,8,8,274.3455995546472,17,8,5,2701,2349,2278,416.1898305311819,56.308334471711326,93.70120016453555,1194.532624101907,0,0,6,7.842799921267947,57.427342698519574,161.0738026950591,6.028462248828035,1.1329610605396263,0,0.0
sess-00085,exp-005,4,TLSv1.3,X25519MLKEM768,TLS_CHACHA20_POLY1305_SHA256,4096,831,11,8,151.38507988056202,12,7,5,5296,2653,2402,321.82775802336755,47.212647977310276,87.54454286691934,910.656312910645,0,2,9,21.94878955375757,20.201150678169935,133.13224467950818,6.939067485691728,3.619978137050944,0,0.0
sess-00086,exp-005,3,TLSv1.3,X25519MLKEM768,TLS_AES_256_GCM_SHA384,1216,1578,10,8,246.5779255119292,61,5,7,2501,1547,1920,274.3756647576637,25.808699153634286,71.60848019879606,1068.9048834511243,0,0,10,19.63471601672068,58.13429261196684,3302.8210720553047,16.45607908234954,4.675382522722083,5,0.4139004607340159
sess-00087,exp-005,4,TLSv1.3,X25519MLKEM768,TLS_AES_128_GCM_SHA256,12,1310,10,7,58.111704375722866,14,8,7,5959,1493,1440,375.00323359570297,22.919487975779354,71.25425353494114,1218.2631397071304,0,2,9,15.001193350435614,10.408870297362046,48.274504343105264,3.5447639358539784,1.3959172089754752,0,0.0
sess-00088,exp-005,2,TLSv1.2,prime256v1,TLS_AES_256_GCM_SHA384,65,1210,8,8,246.6359028080803,13,8,6,2301,1791,2032,335.1063141921254,52.99142537104517,93.01245271834455,1236.2691050490666,0,0,10,9.158385690325634,58.754140770689204,96.96363116386321,16.103047339237968,1.7615179697675702,0,0.0
sess-00089,exp-005,1,TLSv1.3,X25519MLKEM768,TLS_AES_256_GCM_SHA384,1216,1416,12,7,225.02726624972536,8,4,5,4922,1682,2646,342.123245118557,47.41931355697244,84.25042089615216,1160.8540125030777,0,0,8,37.597905743549646,25.926501587965355,96.80227993730212,12.713509261958805,4.228749444084229,0,0.0
sess-00090,exp-006,4,TLSv1.3,X25519MLKEM768,TLS_AES_128_GCM_SHA256,0,1319,14,8,236.31894045655673,19,8,6,3945,2670,1034,310.50734295973086,60.42838354838099,99.19592124716647,1208.5914992941505,0,3,6,25.891836558361778,23.276521849286066,141.45046527008472,19.4690804164639,2.9345242279053374,0,0.0
sess-00091,exp-006,0,TLSv1.3,secp256r1,TLS_CHACHA20_POLY1305_SHA256,65,,9,8,270.15883440087725,17,10,10,3557,1302,2682,404.21806851520364,21.89423080052596,97.92820683137205,876.9268649335878,0,0,6,20.43634981646565,30.9390149084595,100.20321866411749,4.873941971340557,2.5589155725938397,0,0.0
sess-00092,exp-006,5,TLSv1.3,X25519MLKEM768,TLS_CHACHA20_POLY1305_SHA256,1216,863,13,5,231.53912404603955,16,6,9,3959,2076,1771,294.12577962134515,271.0450254236612,96.4849664369604,1039.6289123772922,0,0,8,28.65540017947288,53.382720172749664,145.72680122675408,16.269398072160428,48.29349584773753,0,0.0
sess-00093,exp-006,2,TLSv1.2,x25519,TLS_CHACHA20_POLY1305_SHA256,32,1105,9,6,319.9109941806752,19,5,9,4887,2001,1649,343.9410269606184,53.62925541417317,97.37941557032029,1305.1650650160036,0,0,8,9.265593700645027,43.83111228912728,94.54801151364502,19.623050209105884,4.1100495546397555,0,0.0
sess-00094,exp-006,2,TLSv1.2,x25519,TLS_AES_256_GCM_SHA384,32,1094,13,4,171.22722993346576,15,9,6,5061,1981,1438,260.62040216017897,52.314675422519166,97.32095735133231,1287.3199104527757,0,0,7,8.8229303549878,47.04454883442465,70.67795121087033,1.9645431691918165,4.535402535662825,0,0.0
sess-00095,exp-006,5,TLSv1.3,X25519MLKEM768,TLS_AES_256_GCM_SHA384,1216,,8,7,165.60276822056858,15,4,9,5157,1281,1010,489.35563016761665,376.98423968390557,66.31764304843767,1257.02495839091,0,0,9,21.71069821543138,19.972798733380085,193.8653866114591,7.102186340264167,13.578428820460653,0,0.0
sess-00096,exp-006,4,TLSv1.3,X25519MLKEM768,TLS_AES_256_GCM_SHA384,12,1347,13,4,369.6304039844484,10,7,10,2720,2912,2883,210.90195476376664,70.17219188675041,91.51842519503352,930.4181423457422,0,2,8,35.686010877127316,10.463358424004989,126.55351767296422,3.038713124697222,4.916670053017931,0,0.0
sess-00097,exp-006,5,TLSv1.3,X25519MLKEM768,TLS_CHACHA20_POLY1305_SHA256,1216,1336,11,5,347.87090850229885,15,6,5,5312,1230,1677,248.7482787619216,374.26069044599376,70.29059520918076,930.3393483896474,0,0,8,32.67686825488395,38.389061121046964,158.7380675437854,4.334403362930829,43.07959301105238,0,0.0
sess-00098,exp-006,4,TLSv1.3,X25519MLKEM768,TLS_AES_128_GCM_SHA256,4096,888,11,4,114.67342036656899,10,7,6,5833,1508,1013,278.23558311963313,34.13127516809203,90.15026607125827,1467.8243758584388,0,1,8,25.38612630442447,38.643867377726636,74.46403563861676,7.831489720661962,1.2578826293677778,0,0.0
sess-00099,exp-006,3,TLSv1.3,X25519MLKEM768,TLS_AES_128_GCM_SHA256,1216,963,11,8,373.087104881491,78,10,6,4827,1240,2308,474.8391157551906,37.70225600937481,84.58501792575396,953.3900206547407,0,0,7,21.736366490732838,32.748933638533515,3781.9922207077607,8.09887199775179,3.539509561592706,6,0.7544103139825956
sess-00100,exp-006,1,TLSv1.3,X25519MLKEM768,TLS_CHACHA20_POLY1305_SHA256,1216,1572,12,4,233.92732967705868,16,9,6,2319,2878,2155,233.66263746118108,69.72644323750552,96.11552640959235,941.5097452766535,0,0,10,10.2448333483845,26.405881887110326,118.4580620014138,3.2085604215086203,1.1064672791428718,0,0.0
sess-00101,exp-006,4,TLSv1.3,X25519MLKEM768,TLS_AES_128_GCM_SHA256,4096,893,12,7,333.042229112033,15,5,8,3701,1935,2154,217.32103427975744,47.74269834433542,92.2766141021757,1306.2960558775017,0,1,9,13.906002667366435,10.150773579554436,67.04322247440305,2.3875609923936887,2.1761171854152637,0,0.0
sess-00102,exp-006,4,TLSv1.3,X25519MLKEM768,TLS_AES_256_GCM_SHA384,12,870,11,4,150.48174741196203,10,10,5,5136,2313,2493,393.764245429149,45.22171633293967,99.71426394323515,1067.7357331959604,0,1,9,18.147593683069566,44.13651770507707,142.5047314813296,11.246705014458344,3.30231708225164,0,0.0
sess-00103,exp-006,1,TLSv1.3,X25519MLKEM768,TLS_CHACHA20_POLY1305_SHA256,1216,1202,12,5,304.7503493171448,11,10,4,5097,1046,1611,338.901170358434,63.145638500651124,76.96512118933606,1065.4935276236556,0,0,7,13.662921347632144,27.30798674938134,76.86045372517165,18.81079686156627,3.6526173349537006,0,0.0
sess-00104,exp-006,0,TLSv1.3,secp256r1,TLS_AES_256_GCM_SHA384,65,1476,11,8,318.1187136298662,8,5,5,2275,1206,2216,210.07288272628423,55.86709380389316,88.13145067459715,834.0734248706244,0,0,6,19.07928727838172,21.71696392437808,66.93576573018407,17.41087461073107,0.37657577161985867,0,0.0
sess-00105,exp-007,1,TLSv1.3,X25519MLKEM768,TLS_CHACHA20_POLY1305_SHA256,1216,1389,10,8,259.2711859970418,18,10,6,2970,1618,2794,242.9781302489986,59.612745428644594,68.8417096178413,1010.3506676301937,0,0,6,24.485134133683207,39.58335611213516,154.98605858510882,4.3275305769880825,3.425875604102633,0,0.0
sess-00106,exp-007,4,TLSv1.3,X25519MLKEM768,TLS_AES_128_GCM_SHA256,12,848,10,7,325.0316085931813,13,9,7,3672,1305,1614,312.93805655213964,65.26496583428752,78.9407528164888,1394.5386525820284,0,3,8,35.013943350055726,17.217587458258922,108.71427711476385,2.094854754845299,2.1221196960073136,0,0.0
sess-00107,exp-007,4,TLSv1.3,X25519MLKEM768,TLS_AES_256_GCM_SHA384,4096,1197,9,6,121.16785657101904,18,4,7,5469,1759,1189,360.6906609041647,69.76437711290194,62.06146516456055,1064.0175824729379,0,1,10,26.102271574617657,53.681022924476984,61.987759968568405,15.47223193320699,3.649095675275531,0,0.0
sess-00108,exp-007,3,TLSv1.3,X25519MLKEM768,TLS_AES_256_GCM_SHA384,1216,1140,10,4,124.13272021715281,59,9,4,5059,2544,1980,474.3323890326765,61.7375771422989,88.15074330702815,1077.6424418433646,0,0,7,24.32277523917351,48.77569410318851,2153.9040684633815,11.139352420908999,1.8603718222027212,10,0.6076899240142641
sess-00109,exp-007,0,TLSv1.3,x25519,TLS_CHACHA20_POLY1305_SHA256,32,,14,6,370.01567461412117,13,6,7,2187,2152,2769,266.3822294948676,28.755362786152915,70.43096439639078,1454.3307752074475,0,0,10,30.200417821222786,24.75961437538691,63.352603063561745,5.370353894062009,2.8919686122497716,0,0.0
sess-00110,exp-007,3,TLSv1.3,X25519MLKEM768,TLS_CHACHA20_POLY1305_SHA256,1216,1470,13,6,140.06436517220897,78,9,9,5029,2004,1943,250.4700937854623,67.69853086121805,66.77062843440727,1304.2194715334656,0,0,9,11.441672050144362,54.46822648575039,3597.6712339873866,19.18750098434023,2.6673276354799893,3,0.3445982468658154
sess-00111,exp-007,0,TLSv1.3,secp256r1,TLS_AES_128_GCM_SHA256,65,940,14,5,73.78877958289792,10,4,5,4071,1933,1764,218.13503567390566,58.26371550563934,97.35614884392004,1438.9260183143833,0,0,9,5.5506118404226905,36.61062425063683,99.92754639696079,1.3177968044499684,3.6387443359660328,0,0.0
sess-00112,exp-007,0,TLSv1.3,secp256r1,TLS_CHACHA20_POLY1305_SHA256,65,,13,7,332.1586946316001,10,4,4,4147,1304,1493,257.57961709748395,51.58735912401298,92.6085756285313,987.1273156736451,0,0,9,7.765673533505238,57.96488970742651,108.02961674370147,5.620949989664759,3.5164579488836267,0,0.0
sess-00113,exp-007,5,TLSv1.3,X25519MLKEM768,TLS_AES_256_GCM_SHA384,1216,1469,14,4,82.7251768994883,14,7,8,3949,1114,2304,202.83505179623918,202.8542639711368,79.99433572451167,1103.7367563801636,0,0,8,24.804981978286225,52.89801566818347,46.21151203002411,11.035024527191311,44.724675623264226,0,0.0
sess-00114,exp-007,4,TLSv1.3,X25519MLKEM768,TLS_AES_128_GCM_SHA256,4096,1077,8,4,289.5500602122745,12,8,8,4695,1067,1367,478.6299083763978,38.869081593599056,98.45876759504023,1210.9252728591418,0,3,9,37.510622908866495,24.963844479043125,125.87289393604004,11.767222477930488,4.262267883918191,0,0.0
sess-00115,exp-007,2,TLSv1.2,prime256v1,TLS_AES_128_GCM_SHA256,65,1573,13,5,326.67432983195243,19,9,4,4051,2526,2995,303.7578494556913,25.861147241482847,69.2857601757868,853.2127725959936,0,0,10,31.915197867790482,57.74291984573329,97.43951838252312,15.697543406495127,0.24516572883130908,0,0.0
sess-00116,exp-007,3,TLSv1.3,X25519MLKEM768,TLS_AES_128_GCM_SHA256,1216,1033,10,8,379.3999957397539,58,5,9,4399,2353,1778,225.7082352910207,57.11695341559327,91.92220695210986,1299.17597287487,0,0,6,14.379021081311505,28.99999965417279,2401.7505702851513,3.931260921459276,2.0091476794460665,7,0.35491225721774344
sess-00117,exp-007,2,TLSv1.2,x25519,TLS_AES_128_GCM_SHA256,32,904,9,4,115.58712423475703,15,8,8,4098,1835,1211,207.87857120398917,41.23485724071553,63.722570418394966,1218.6306584559911,0,0,8,35.2301362043867,10.617030744197722,100.34771186058165,15.804213006863673,3.6517348357704775,0,0.0
sess-00118,exp-007,4,TLSv1.3,X25519MLKEM768,TLS_CHACHA20_POLY1305_SHA256,0,973,13,7,109.32561083580566,12,6,6,4019,1298,1129,250.1622202277398,36.55771229614422,71.99009015686252,1347.86663691584,0,1,8,13.8094908226116,22.329503417350146,136.2557269207121,12.282321562742494,1.0581863019132765,0,0.0
sess-00119,exp-007,2,TLSv1.2,prime256v1,TLS_AES_256_GCM_SHA384,65,1205,10,8,182.9614846514669,13,7,6,3763,2670,2686,457.85254013025053,78.4535225902764,65.44497886313059,1024.4656087625613,0,0,7,21.765340983840932,18.881863565957033,97.70072903248136,7.063615631591639,3.700884390661814,0,0.0
sess-00120,exp-008,4,TLSv1.3,X25519MLKEM768,TLS_AES_256_GCM_SHA384,12,1133,11,6,335.77308040151956,14,6,4,5817,2154,1409,377.6681102751156,52.73774512704933,87.2685053252035,1185.069409898231,0,3,9,38.004122039622416,20.482419818064177,165.60653857533862,16.794354365496858,0.4388774924943687,0,0.0
sess-00121,exp-008,3,TLSv1.3,X25519MLKEM768,TLS_AES_256_GCM_SHA384,1216,1448,10,5,138.43858972588208,72,9,7,5232,1772,1151,334.72001625009017,55.87603128518225,83.28976076865348,1174.057180841482,0,0,9,24.027582118561718,49.53604585246296,3095.450917527103,18.01452879185708,2.730839331520481,6,0.35098916043059264
sess-00122,exp-008,5,TLSv1.3,X25519MLKEM768,TLS_AES_128_GCM_SHA256,1216,970,13,8,65.50384273474737,18,9,9,3636,2980,2541,299.4790106245505,247.78354216937572,64.23778206424349,869.0245910072092,0,0,7,22.873668418376564,35.939888342467476,128.6881102390807,11.929472567138097,40.89368929849728,0,0.0
sess-00123,exp-008,4,TLSv1.3,X25519MLKEM768,TLS_CHACHA20_POLY1305_SHA256,4096,1312,9,6,399.1959538951287,15,4,6,3703,2885,2969,225.75643982604743,69.87906468242831,89.20602892091131,1043.8300566250327,0,2,8,20.936642232905697,20.343366310415725,112.09741979249604,10.047088092974107,2.247013097537833,0,0.0
sess-00124,exp-008,2,TLSv1.2,prime256v1,TLS_AES_256_GCM_SHA384,65,1107,8,4,57.90479032108932,13,9,4,4773,2638,1336,478.9767339465777,64.4293690818159,80.63975607587494,1186.337202877514,0,0,8,24.59471333714521,57.92313108669749,69.41544305993976,8.695901289324805,1.003813698241829,0,0.0
sess-00125,exp-008,3,TLSv1.3,X25519MLKEM768,TLS_AES_256_GCM_SHA384,1216,1555,12,5,207.35125398092794,69,7,4,4886,1439,1421,283.5034491546277,62.225584600298006,91.84032203631513,1204.143533641297,0,0,10,11.54359424712327,26.299245579940923,2819.287549069457,5.984714513594858,4.3269190825408055,9,0.6834651513996903
sess-00126,exp-008,3,TLSv1.3,X25519MLKEM768,TLS_CHACHA20_POLY1305_SHA256,1216,916,10,6,345.9312309343457,41,5,10,4759,2445,2639,289.2334504098056,56.86907094277517,63.39007874492111,893.7634387554974,0,0,6,13.35004542535767,15.8474451985376,2991.0645436098293,3.685812322092595,2.0034700196189554,9,0.6448836269246487
sess-00127,exp-008,3,TLSv1.3,X25519MLKEM768,TLS_CHACHA20_POLY1305_SHA256,1216,1350,13,5,244.2194015413741,61,6,5,2766,1644,2724,335.3002912239954,23.216675757850208,74.36156688685475,806.7084076942969,0,0,7,11.82949720719872,29.197208793397653,2729.3147000601593,13.408325451645457,2.104758307002587,10,0.7260854237074783
sess-00128,exp-008,1,TLSv1.3,X25519MLKEM768,TLS_AES_256_GCM_SHA384,1216,1378,8,5,152.2314683455473,12,5,8,3182,1344,2598,337.1964161820347,64.55109511578722,90.63678219774764,1184.8083291766359,0,0,6,25.04499188808525,23.394445469645042,122.32805095581766,19.826978780108494,2.756012557676386,0,0.0
sess-00129,exp-008,0,TLSv1.3,secp256r1,TLS_CHACHA20_POLY1305_SHA256,65,1251,12,5,396.4215047568391,9,9,10,4677,2538,1506,289.3126805308681,79.95876015673446,77.98929371321655,1044.0038837756197,0,0,6,20.367446618416654,59.697884215930856,161.85738047973152,5.5019750519669435,4.07244331251311,0,0.0
sess-00130,exp-008,5,TLSv1.3,X25519MLKEM768,TLS_CHACHA20_POLY1305_SHA256,1216,1447,11,5,265.6529199237543,20,5,10,2847,2649,1121,371.0223034414995,173.8062909535857,83.87430743538395,917.8641552221591,0,0,8,15.126663521273025,23.367153313904005,175.8628636408638,19.72427774297409,48.51087979975168,0,0.0
sess-00131,exp-008,3,TLSv1.3,X25519MLKEM768,TLS_AES_256_GCM_SHA384,1216,1083,14,5,295.49928458875104,59,5,5,4913,1659,2696,274.26642200680135,70.61333939860816,75.70803001208864,899.5201431527574,0,0,8,26.973448727264092,28.75861639231135,2507.1269332545526,16.097373982685628,3.8675327506375647,8,0.749881429723914
sess-00132,exp-008,3,TLSv1.3,X25519MLKEM768,TLS_AES_128_GCM_SHA256,1216,1395,8,4,305.8261781204685,32,9,9,4856,1733,2741,218.9992058180524,52.06546786325389,68.71319740060824,1100.7501704796653,0,0,7,22.315023164442103,26.143257479497645,3631.0564407210404,11.398900173460984,0.7399118265069744,3,0.7729821920860095
sess-00133,exp-008,0,TLSv1.3,x25519,TLS_CHACHA20_POLY1305_SHA256,32,1270,8,4,375.3015063716326,10,7,7,2002,2962,1876,260.6954619192199,61.31551291469062,65.27652349536054,1254.9980395384569,0,0,7,35.60481792424168,53.82975186184773,45.86779736936057,7.8482722845479564,0.5038606004568518,0,0.0
sess-00134,exp-008,0,TLSv1.3,x25519,TLS_AES_128_GCM_SHA256,32,1440,10,5,200.23082926437132,9,9,4,2004,1437,1976,223.38161647178185,55.62076981046387,80.77777018546543,1111.546813745058,0,0,6,29.345898755081706,50.855451345664925,197.98633460892623,9.023964741726138,0.7476582403535481,0,0.0
sess-00135,exp-009,1,TLSv1.3,X25519MLKEM768,TLS_AES_128_GCM_SHA256,1216,891,13,4,86.12053662294905,13,6,5,3567,2584,2665,425.9473402973204,27.98877387117273,99.7176062098554,899.9971467844257,0,0,10,24.71519250643712,40.5159619636909,57.89981346440987,7.672566657708647,1.1439717119752775,0,0.0
sess-00136,exp-009,5,TLSv1.3,X25519MLKEM768,TLS_AES_256_GCM_SHA384,1216,1221,12,7,350.9868836107525,9,4,5,5082,1252,2207,419.00274466879347,344.742413128315,77.17554966047516,1353.7536628386463,0,0,7,14.693867993069588,14.212435799899334,124.07742740340412,12.400149477291205,37.61904300058615,0,0.0
sess-00137,exp-009,5,TLSv1.3,X25519MLKEM768,TLS_AES_128_GCM_SHA256,1216,1010,12,8,228.3328981401494,19,7,6,4646,1111,2605,469.3737681070969,229.11816263940722,79.79550879773068,878.9205638226659,0,0,9,27.332881545927687,13.550600084769162,181.08316977477432,1.2292732354310747,25.473529953007098,0,0.0
sess-00138,exp-009,4,TLSv1.3,X25519MLKEM768,TLS_AES_128_GCM_SHA256,4096,1174,12,5,316.954078263455,20,4,4,4405,1138,1028,278.6555831486201,22.389611716231386,62.418754383528224,1352.502999295164,0,3,10,15.027073003351497,45.63145380506253,160.40870011317313,9.04792946826221,2.07115931215805,0,0.0
sess-00139,exp-009,4,TLSv1.3,X25519MLKEM768,TLS_CHACHA20_POLY1305_SHA256,12,956,10,4,158.4674099658247,16,5,10,2636,2098,1669,317.2194508905049,58.0576548411954,93.3810587673901,1276.7389792964473,0,1,6,15.855932268900093,31.874302152528752,192.08275604173227,5.534110375495351,1.297950793224891,0,0.0
sess-00140,exp-009,3,TLSv1.3,X25519MLKEM768,TLS_CHACHA20_POLY1305_SHA256,1216,1423,8,6,283.12785260075873,51,9,5,2489,1025,2449,241.16353921927424,20.681036187931575,79.85651730090862,1042.693589375196,0,0,10,32.40454855403111,46.03827590467295,2171.9112160231143,3.411681542141372,3.9275075016912395,3,0.8318488558443937
sess-00141,exp-009,3,TLSv1.3,X25519MLKEM768,TLS_AES_128_GCM_SHA256,1216,1336,8,6,299.31313687017337,45,9,4,4032,1932,2046,308.037168656526,49.976600345682996,82.67544512953799,1057.3814444997683,0,0,8,32.06651336402946,54.71342100721311,1506.421265081277,3.191338467148572,3.729821816036418,3,0.8152134054732108
sess-00142,exp-009,0,TLSv1.3,x25519,TLS_AES_128_GCM_SHA256,32,1172,11,5,112.63632681895808,8,8,10,5743,2462,2516,396.7109883264511,33.47091882905454,69.93052733428974,1441.0983354166265,0,0,8,14.494028530343584,13.894353498345598,93.37738834543643,10.538777908632072,4.519510945365529,0,0.0
sess-00143,exp-009,1,TLSv1.3,X25519MLKEM768,TLS_CHACHA20_POLY1305_SHA256,1216,847,11,4,356.9469333647412,12,10,10,3272,1670,1176,365.92741859722025,20.47815041344733,68.02684613811823,1194.664718576931,0,0,8,30.885159535669633,22.129199677678454,92.60651670834018,19.465297157867646,4.989156869693137,0,0.0
sess-00144,exp-009,1,TLSv1.3,X25519MLKEM768,TLS_CHACHA20_POLY1305_SHA256,1216,1359,14,5,102.69823187762691,14,4,5,4218,1709,2302,451.8722020688522,72.63191685509449,98.03961048573774,801.0234283749044,0,0,9,34.71520957226226,46.36075195204862,47.671333289765144,11.066475292140238,1.267021213152242,0,0.0
sess-00145,exp-009,3,TLSv1.3,X25519MLKEM768,TLS_AES_256_GCM_SHA384,1216,945,13,6,82.55932342533087,55,10,8,3691,2435,2834,311.7475922222242,78.47328741009507,63.396096700659584,866.9039037361699,0,0,7,27.30254880114422,29.71756446168962,1826.7707161004046,2.1833744068792047,3.3459752479543505,8,0.47500561443414213
sess-00146,exp-009,5,TLSv1.3,X25519MLKEM768,TLS_CHACHA20_POLY1305_SHA256,1216,1134,10,7,145.18455514135906,9,5,5,5194,2577,2197,232.6918501155314,179.9783890888484,77.98266990961287,1019.8233014684824,0,0,6,23.757359218150828,58.231736112511435,65.2981583537601,6.857846646037587,16.30461508262065,0,0.0
sess-00147,exp-009,5,TLSv1.3,X25519MLKEM768,TLS_AES_128_GCM_SHA256,1216,1521,13,8,64.11543283803218,13,5,4,4912,1508,2983,306.7228266512851,265.51081221905974,87.08733507956288,982.1167549048567,0,0,7,6.087873267556585,30.219611322358734,106.87419879818066,15.213490496965475,42.15587013775401,0,0.0
sess-00148,exp-009,1,TLSv1.3,X25519MLKEM768,TLS_AES_256_GCM_SHA384,1216,812,8,5,95.75033314039229,14,6,9,4581,2920,2320,225.2118272684301,55.16712513215273,96.6971432604632,852.4910264854142,0,0,6,11.92126178434016,42.29934477933918,167.58077309947134,2.7475941344833474,4.251649629800358,0,0.0
sess-00149,exp-009,2,TLSv1.2,prime256v1,TLS_AES_256_GCM_SHA384,65,843,11,4,108.79622305516975,17,7,10,4967,1808,2016,208.84468790008745,60.99277500510097,66.91228847323157,950.3012741790187,0,0,7,14.624361915848473,32.30057153233282,55.26733954169157,12.668024977776067,3.1231881060029973,0,0.0
sess-00150,exp-010,3,TLSv1.3,X25519MLKEM768,TLS_AES_128_GCM_SHA256,1216,1363,11,4,80.70254287065262,47,5,7,2816,2316,2811,439.1593825649039,34.94886530820476,99.76349109475854,1180.5596780508188,0,0,6,39.629126551653684,49.09578834227125,3781.6925414959173,11.345838314646981,2.474929478658491,9,0.601435953326245
sess-00151,exp-010,1,TLSv1.3,X25519MLKEM768,TLS_AES_256_GCM_SHA384,1216,1126,12,5,60.25621118782214,20,10,6,2239,2656,1966,358.8296875896295,66.01053010701636,99.98422987245385,1481.7859032134515,0,0,6,13.67499689005505,22.057639757740123,120.72722597992774,16.033507029920294,3.711594673797134,0,0.0
sess-00152,exp-010,1,TLSv1.3,X25519MLKEM768,TLS_CHACHA20_POLY1305_SHA256,1216,1197,10,5,111.63512865299651,17,6,10,5023,2428,1734,474.1940012385603,21.692394183629546,88.02243213405673,1463.2911145490107,0,0,10,9.973580164527974,57.418425302294516,172.23846292466712,16.397622099152958,4.85489977085524,0,0.0
sess-00153,exp-010,4,TLSv1.3,X25519MLKEM768,TLS_AES_128_GCM_SHA256,0,979,11,4,81.59008189781599,11,8,5,2081,2078,1978,200.20504891514923,75.07377115523879,68.05857533408565,891.3426819334278,0,1,7,37.15732755575221,52.214204321882534,85.01009792182232,1.4163450286278736,2.974384957946927,0,0.0
sess-00154,exp-010,4,TLSv1.3,X25519MLKEM768,TLS_AES_128_GCM_SHA256,0,874,10,7,255.10583211005672,13,6,6,2558,2998,1322,419.7056076273923,46.21210297577494,85.57063965817156,1141.0400133909745,0,3,8,11.097093483443572,58.43714481665838,147.9052677097323,18.64805897072308,3.956259783718327,0,0.0
sess-00155,exp-010,4,TLSv1.3,X25519MLKEM768,TLS_AES_256_GCM_SHA384,0,1187,10,6,94.57192765323742,19,4,9,5885,2173,1801,455.22708966050254,66.24982355468747,82.69931019317589,927.4572292094831,0,2,8,37.23633757463278,58.37658428079678,67.55219257429205,11.745454676286089,4.689770188415846,0,0.0
sess-00156,exp-010,5,TLSv1.3,X25519MLKEM768,TLS_AES_256_GCM_SHA384,1216,1043,10,6,108.76059586305445,9,10,9,4744,2308,2493,465.9960545653465,254.9133072963018,70.60849762251505,974.6786041946951,0,0,6,17.26684066640606,49.35100030453302,152.4703099594846,1.9148016969323516,16.653537715837953,0,0.0
sess-00157,exp-010,3,TLSv1.3,X25519MLKEM768,TLS_AES_128_GCM_SHA256,1216,1187,10,8,181.37164961919183,51,10,10,4367,2333,2552,406.14812126513436,29.759390704909304,62.948375582454965,1392.0337388171922,0,0,8,5.70272994156995,23.056385499113098,1902.2612372783028,7.494355821847905,4.450863211898086,4,0.3450014526264947
sess-00158,exp-010,4,TLSv1.3,X25519MLKEM768,TLS_CHACHA20_POLY1305_SHA256,0,1294,13,4,200.96316695105128,18,5,8,5644,1889,1321,216.06672279817866,39.865674766399174,98.97593682705886,1086.495906025452,0,2,10,30.27133366014865,46.498700283514495,75.09501078949602,6.34893839546004,1.263986596241504,0,0.0
sess-00159,exp-010,4,TLSv1.3,X25519MLKEM768,TLS_CHACHA20_POLY1305_SHA256,4096,,9,4,176.2901224295456,14,4,6,5374,2355,2280,380.0646584041306,31.98048804565678,61.02942770926743,919.5825341845562,0,2,8,39.19701935997429,33.67853255710344,49.63651703611073,15.912654888271389,2.4076278194529888,0,0.0
sess-00160,exp-010,0,TLSv1.3,x25519,TLS_CHACHA20_POLY1305_SHA256,32,1357,11,5,179.8571836942616,14,6,5,3825,1091,1539,331.92212685583075,35.80404857974154,93.48315008537828,1194.9726115401652,0,0,7,31.328229974035047,43.37342295672842,44.57024301278591,7.5320363443748874,2.7531001294295083,0,0.0
sess-00161,exp-010,4,TLSv1.3,X25519MLKEM768,TLS_AES_256_GCM_SHA384,0,1196,14,8,196.5212262270577,16,9,10,5835,1972,2172,464.49616082528684,48.575736864888114,63.15820199096333,1431.9440409374079,0,2,6,22.57355146104617,55.022753073579594,166.07655724251657,13.873162825944576,3.139338260311585,0,0.0
sess-00162,exp-010,1,TLSv1.3,X25519MLKEM768,TLS_AES_256_GCM_SHA384,1216,1016,14,5,94.16509952348892,14,4,9,3783,1413,2684,388.16786366971934,70.04648712056024,70.31545439951105,1437.563140012116,0,0,6,8.04596043067776,37.81821019848995,123.84921256781783,17.27585943227869,2.6464720699561397,0,0.0
sess-00163,exp-010,0,TLSv1.3,secp256r1,TLS_CHACHA20_POLY1305_SHA256,65,1438,12,8,323.58998132391156,9,7,5,2607,2160,2204,374.8031260632963,77.88989988251774,64.00815991310124,873.9443741282718,0,0,6,32.50109706083872,53.373763388258766,179.6230833862555,17.67997769122504,1.3942694878348187,0,0.0
sess-00164,exp-010,4,TLSv1.3,X25519MLKEM768,TLS_CHACHA20_POLY1305_SHA256,12,1284,8,5,146.39494971216382,10,8,8,4788,2420,1822,211.6347597445385,73.37445283485545,73.25976302937083,966.305505741415,0,2,9,37.22922440171578,54.85156810747113,33.439591060856216,16.530332580800273,1.5849692718956736,0,0.0
sess-00165,exp-011,5,TLSv1.3,X25519MLKEM768,TLS_CHACHA20_POLY1305_SHA256,1216,900,14,5,97.03493233895416,19,7,10,5382,1657,1551,418.6398239808665,,63.57147401211729,1109.2016186414162,0,0,9,30.93306796220028,47.97466476131283,177.42212499353838,16.599330455570744,22.444923731556354,0,0.0
sess-00166,exp-011,4,TLSv1.3,X25519MLKEM768,TLS_AES_128_GCM_SHA256,0,938,14,8,357.76640697594956,8,5,5,5584,2705,1411,451.0930032826085,34.96941567945676,78.25794668512323,1442.6217485387815,0,1,7,14.589212446602563,51.175314584455805,115.87148373931785,13.072786372441035,0.7069770085644299,0,0.0
sess-00167,exp-011,2,TLSv1.2,x25519,TLS_AES_128_GCM_SHA256,32,1408,11,5,386.1821323981007,15,8,8,3432,1705,1334,451.2961310770182,35.51959563000253,93.23480805422382,863.2743447985393,0,0,6,18.529798475934463,18.145370279931022,127.28387037345112,19.333434574842848,4.299844818447681,0,0.0
sess-00168,exp-011,5,TLSv1.3,X25519MLKEM768,TLS_AES_256_GCM_SHA384,1216,1075,13,7,229.6484318153435,20,10,9,2036,1970,2866,239.69422723510462,244.1188630677502,92.03459233297816,956.6390222063162,0,0,10,33.17799492184202,25.272984919227838,194.39415537262403,13.212065914513115,23.948367970883254,0,0.0
sess-00169,exp-011,2,TLSv1.2,,TLS_AES_256_GCM_SHA384,65,1277,10,8,338.50878751473226,14,8,4,2030,2047,2356,489.94563633937526,70.36270515958805,82.45828469018403,1215.6407797808579,0,0,8,15.44665741886541,15.405226529292174,40.852299162508686,19.778858350613575,3.2389142535118136,0,0.0
sess-00170,exp-011,2,TLSv1.2,prime256v1,TLS_CHACHA20_POLY1305_SHA256,65,1528,13,6,115.92602843400277,16,10,5,5685,1116,2649,457.19460800818445,68.60173848272859,76.16393705026219,1023.710016731389,0,0,7,30.244911915741373,42.77002852312208,199.5697469283103,5.929099181527789,2.150971861798574,0,0.0
sess-00171,exp-011,5,TLSv1.3,X25519MLKEM768,TLS_AES_256_GCM_SHA384,1216,1397,13,8,335.6051453685038,13,9,9,2910,2405,2094,391.494076963284,181.98603492401332,97.62671818490877,1050.947992169264,0,0,8,34.58967354856084,52.031934729819994,179.0041133381588,4.441581298276015,20.346074022408317,0,0.0
sess-00172,exp-011,4,TLSv1.3,X25519MLKEM768,TLS_AES_256_GCM_SHA384,0,1496,10,4,127.7887290295153,11,9,10,3257,1861,2614,466.05306490805106,42.30094578589167,83.42282780827615,1124.632439731432,0,3,6,21.468779868473806,53.31966848462698,129.2076853562387,18.941718696001463,0.44895711327997156,0,0.0
sess-00173,exp-011,0,TLSv1.3,x25519,TLS_CHACHA20_POLY1305_SHA256,32,1190,12,6,194.5875389048583,10,5,5,3403,1838,2166,467.8535369931629,,65.72896609198554,1403.675760335981,0,0,7,32.26294121018351,34.37904228740537,137.27557128465818,4.359661064705754,3.209044948848088,0,0.0
sess-00174,exp-011,3,TLSv1.3,X25519MLKEM768,TLS_AES_128_GCM_SHA256,1216,1014,14,5,251.69762050784607,31,7,10,5127,2596,1180,238.82178727048577,46.0226848573182,77.17638892036481,1100.3178140202872,0,0,9,18.416074701871125,11.8862659237469,2305.5328346201727,8.088926703120048,0.16897788175069745,6,0.7999371999399385
sess-00175,exp-011,5,TLSv1.3,X25519MLKEM768,TLS_AES_256_GCM_SHA384,1216,1441,13,5,129.19299895117922,13,6,5,2420,1785,2030,376.60120645042156,183.44735753300196,92.95375318697641,1008.7415774458971,0,0,8,20.95742091889766,36.01442061229419,119.09999942356329,9.23963937067618,49.84555658739322,0,0.0
sess-00176,exp-011,3,TLSv1.3,X25519MLKEM768,TLS_AES_128_GCM_SHA256,1216,1568,9,5,381.82952379742994,72,7,4,2935,1459,2489,495.46385734797815,32.671413749788684,60.876530882624635,1153.243488209615,0,0,6,17.830700798994698,42.52701900606124,2836.833585484601,17.65433861439005,1.3533669522339353,3,0.32915217694904236
sess-00177,exp-011,0,TLSv1.3,x25519,TLS_CHACHA20_POLY1305_SHA256,32,820,8,4,195.87144781284033,14,4,8,3035,1971,2437,245.9381294373309,61.711521753254544,85.21245360651747,1010.7815183297546,0,0,6,28.18690380611139,23.498857476859456,132.9578372770807,3.60610693661637,4.17019833030736,0,0.0
sess-00178,exp-011,4,TLSv1.3,X25519MLKEM768,TLS_CHACHA20_POLY1305_SHA256,0,1432,8,6,89.90439343948677,9,7,5,4494,1409,2593,278.89817468411957,51.38876645555484,68.06692759928758,1292.4057251723807,0,1,8,10.613075952076908,37.406938186420014,184.76062666854244,14.075874393652098,2.455253319590969,0,0.0
sess-00179,exp-011,0,TLSv1.3,secp256r1,TLS_CHACHA20_POLY1305_SHA256,65,891,8,8,284.157675675574,10,4,10,4095,1153,2481,417.07287453403427,74.28676303739493,85.77347166274794,1119.7258643214864,0,0,8,14.244375796986427,12.504009790647366,168.24033036604007,17.608668534081023,4.276018560109877,0,0.0
