feature,importance
numeric__tcp_reset_count,0.1864003837108612
categorical__tls_version_TLSv1.2,0.16732490062713623
categorical__selected_group_X25519MLKEM768,0.10049673914909363
numeric__inter_arrival_variance,0.09378071874380112
categorical__tls_version_TLSv1.3,0.0848090648651123
categorical__selected_group_x25519,0.07722088694572449
numeric__total_packets,0.07092800736427307
categorical__selected_group_secp256r1,0.06315761804580688
numeric__key_share_length,0.04942966252565384
numeric__handshake_duration_ms,0.04663969576358795
numeric__packet_size_std,0.04296733811497688
numeric__cert_size,0.003465626621618867
numeric__flow_duration_ms,0.0018808702006936073
numeric__mean_inter_arrival_ms,0.0015989744570106268
numeric__packet_size_mean,0.001204619649797678
numeric__packet_size_min,0.0010876200394704938
numeric__client_packets,0.0010524594690650702
numeric__server_hello_to_completion_ms,0.0009145368821918964
numeric__client_hello_to_server_hello_ms,0.000703672703821212
numeric__server_bytes,0.0006948774680495262
numeric__client_extension_count,0.0006936293793842196
numeric__total_bytes,0.0006425830069929361
numeric__server_packets,0.0006272405153140426
numeric__packet_size_max,0.0006069717346690595
numeric__client_bytes,0.0006006694165989757
numeric__server_extension_count,0.0005071299965493381
categorical__cipher_suite_TLS_CHACHA20_POLY1305_SHA256,0.0004304415197111666
numeric__handshake_packet_count,0.0001331157109234482
categorical__cipher_suite_TLS_AES_256_GCM_SHA384,0.0
numeric__failure_rate,0.0
numeric__retry_count,0.0
categorical__cipher_suite_TLS_AES_128_GCM_SHA256,0.0
categorical__selected_group_prime256v1,0.0
numeric__retransmission_count,0.0
